Amostra,Ciclos,N Bacias,Atratores,H,W,Q,dist
6981-151-151-1361-236-1253-1371-1176-747-434-291,False,7,"['00000000000', '00000000100', '00001000000', '00001000100', '00110000000', '01000000100', '01001000100']",0.2792157571720083,0.7988369923026032,0.0,0
6981-151-151-1352-236-1253-1371-1176-747-434-291,False,7,"['00000000000', '00000000100', '00001000000', '00001000100', '00110000000', '01000000100', '01001000100']",0.2792157571720083,0.8445537511396318,0.04571675883702864,1
6981-151-151-1361-236-1253-1371-1176-1404-434-291,False,7,"['00000000000', '00000000100', '00001000000', '00001000100', '00110000000', '01000000100', '01001000100']",0.28130058624323484,0.7767340687119991,0.022201030235291172,1
6981-151-139-1352-236-1253-1371-1176-747-434-291,False,7,"['00000000000', '00000000100', '00001000000', '00001000100', '00110000000', '01000000100', '01001000100']",0.38105082955147707,0.6480941336337579,0.18191699042746698,2
6970-151-151-1352-236-1253-1371-1176-747-434-291,False,7,"['00000000000', '00000000100', '00001000000', '00001000100', '00110000000', '01000000100', '01001000100']",0.2792157571720083,0.8445537511396318,0.04571675883702864,2
6981-151-151-1361-236-947-1371-1176-1404-434-291,False,7,"['00000000000', '00000000100', '00001000000', '00001000100', '00110000000', '01000000100', '01001000100']",0.2799131168868862,0.7909440861762699,0.007923653052162524,2
6981-151-151-1361-236-1253-1370-1176-1404-434-291,False,7,"['00000000000', '00000000100', '00001000000', '00001000100', '00110000000', '01000000100', '01001000100']",0.2655054596340169,0.7432742033523273,0.05722932617559946,2
6981-151-139-1352-236-596-1371-1176-747-434-291,False,7,"['00000000000', '00000000100', '00001000000', '00001000100', '00110000000', '01000000100', '01001000100']",0.3608244321072158,0.6713207582143387,0.15139473498353054,3
6981-151-139-1352-237-1253-1371-1176-747-434-291,False,7,"['00000000000', '00000000100', '00001000000', '00001000100', '00110000000', '01000000100', '01001000100']",0.3882516125189054,0.5973701967041062,0.22908008966288632,3
6970-151-151-1352-236-947-1371-1176-747-434-291,False,7,"['00000000000', '00000000100', '00001000000', '00001000100', '00110000000', '01000000100', '01001000100']",0.2778136834173486,0.8450381747160456,0.04622245198184195,3
6970-151-151-1352-236-1253-1371-1176-748-434-291,False,7,"['00000000000', '00000000100', '00001000000', '00001000100', '00110000000', '01000000100', '01001000100']",0.2819907364596033,0.811067170890669,0.012541043750125658,3
6981-147-151-1361-236-947-1371-1176-1404-434-291,False,7,"['00000000000', '00000000100', '00001000000', '00001000100', '00110000000', '01000000100', '01001000100']",0.3356311365828725,0.5573590682021515,0.24798040822197073,3
6981-151-139-1361-236-947-1371-1176-1404-434-291,False,7,"['00000000000', '00000000100', '00001000000', '00001000100', '00110000000', '01000000100', '01001000100']",0.38951436008077756,0.6330729340235196,0.19910676739070868,3
6981-147-151-1361-236-1253-1370-1176-1404-434-291,False,7,"['00000000000', '00000000100', '00001000000', '00001000100', '00110000000', '01000000100', '01001000100']",0.3288585821834088,0.5449596435155275,0.2586853654582474,3
6980-151-151-1361-236-1253-1370-1176-1404-434-291,False,7,"['00000000000', '00000000100', '00001000000', '00001000100', '00110000000', '01000000100', '01001000100']",0.2655054596340169,0.7432742033523273,0.05722932617559946,3
6981-151-139-1352-414-596-1371-1176-747-434-291,False,7,"['00000000000', '00000000100', '00001000000', '00001000100', '00110000000', '01000000100', '01001000100']",0.35372031214468436,0.6564776148259345,0.16067707075753265,4
6981-151-139-1352-236-596-1371-1176-747-434-278,False,7,"['00000000000', '00000000100', '00001000000', '00001000100', '00110000000', '01000000100', '01001000100']",0.40816428806932237,0.6291709519726543,0.21310628536441487,4
6981-151-139-1352-237-1253-1371-1175-747-434-291,False,7,"['00000000000', '00000000100', '00001000000', '00001000100', '00110000000', '01000000100', '01001000100']",0.3966138916498213,0.5883596154884833,0.24100424919370966,4
6812-151-139-1352-237-1253-1371-1176-747-434-291,False,7,"['00000000000', '00000000100', '00001000000', '00001000100', '00110000000', '01000000100', '01001000100']",0.3882516125189054,0.5973701967041062,0.22908008966288632,4
6970-151-151-1361-236-947-1371-1176-747-434-291,False,7,"['00000000000', '00000000100', '00001000000', '00001000100', '00110000000', '01000000100', '01001000100']",0.2778136834173486,0.8182087756231649,0.01942245607106106,2
6970-151-151-1352-236-947-1371-1176-747-470-291,False,7,"['00000000000', '00000000100', '00001000100', '00001110111', '00110000000', '01000000100', '01001000100']",0.26992985043176326,0.9443838327805,0.14584276066053764,4
6970-151-151-1352-236-1253-1371-1176-720-434-291,False,7,"['00000000000', '00000000100', '00001000000', '00001000100', '00110000000', '01000000100', '01001000100']",0.27414140946487,0.8397674406061475,0.04124379472092806,4
6970-151-151-1352-236-1253-1371-1176-748-434-278,False,7,"['00000000000', '00000000100', '00001000000', '00001000100', '00110000000', '01000000100', '01001000100']",0.3176162648547329,0.7621854302203424,0.05308423488532927,4
6981-147-151-1361-236-947-1369-1176-1404-434-291,False,7,"['00000000000', '00000000100', '00001000000', '00001000100', '00110000000', '01000000100', '01001000100']",0.3238544583136712,0.5653984062961559,0.23766822900064744,4
6981-147-151-1361-236-947-1369-1176-1404-434-291,False,7,"['00000000000', '00000000100', '00001000000', '00001000100', '00110000000', '01000000100', '01001000100']",0.3238544583136712,0.5653984062961559,0.23766822900064744,4
6981-151-139-1361-236-947-1309-1176-1404-434-291,False,7,"['00000000000', '00000000100', '00001000000', '00001000100', '00110000000', '01000000100', '01001000100']",0.4456048533190101,0.6612089483555751,0.21593241951430386,4
6981-151-139-1361-236-947-1371-1176-1404-434-278,False,7,"['00000000000', '00000000100', '00001000000', '00001000100', '00110000000', '01000000100', '01001000100']",0.4211125940727707,0.60758900906221,0.23813967207493855,4
6981-135-151-1361-236-1253-1370-1176-1404-434-291,False,7,"['00000000000', '00000000100', '00001000000', '00001000100', '00110000000', '01000000100', '01001000100']",0.3395985637276624,0.5161092322994231,0.2891039079707387,4
6981-147-151-1361-236-596-1370-1176-1404-434-291,False,7,"['00000000000', '00000000100', '00001000000', '00001000100', '00110000000', '01000000100', '01001000100']",0.3274577711414941,0.5396740262215454,0.2636147471211798,4
6980-151-151-1361-236-1253-1370-1176-1404-452-291,False,7,"['00000000000', '00000000100', '00001000000', '00001000100', '00110000000', '01000000100', '01001000100']",0.23318731147294985,0.80651012973239,0.04666363521509622,4
6980-151-151-1361-236-1253-1370-1176-1404-434-278,False,7,"['00000000000', '00000000100', '00001000000', '00001000100', '00110000000', '01000000100', '01001000100']",0.36577369993025793,0.684873336702317,0.1431083234907078,4
6976-151-139-1352-414-596-1371-1176-747-434-291,False,7,"['00000000000', '00000000100', '00001000000', '00001000100', '00110000000', '01000000100', '01001000100']",0.35372031214468436,0.6564776148259345,0.16067707075753265,5
6981-151-151-1352-414-596-1371-1176-747-434-291,False,7,"['00000000000', '00000000100', '00001000000', '00001000100', '00110000000', '01000000100', '01001000100']",0.2819907364596033,0.8362920224263625,0.037557686185630455,3
6981-151-139-1352-236-596-1371-1176-753-434-278,False,7,"['00000000000', '00000000100', '00001000000', '00001000100', '00110000000', '01000000100', '01001000100']",0.4157813217453119,0.5848496848841149,0.25385177006166365,5
6981-151-139-1352-236-596-1371-1176-753-434-278,False,7,"['00000000000', '00000000100', '00001000000', '00001000100', '00110000000', '01000000100', '01001000100']",0.4157813217453119,0.5848496848841149,0.25385177006166365,5
6981-151-139-2041-237-1253-1371-1175-747-434-291,False,5,"['00000000000', '00000000100', '00001000000', '00001000100', '00110000000']",0.09075732201804336,0.9758510749501295,0.25855476641560193,5
6981-151-139-1361-237-1253-1371-1175-747-434-291,False,7,"['00000000000', '00000000100', '00001000000', '00001000100', '00110000000', '01000000100', '01001000100']",0.4878661014916887,0.501006069067913,0.3636457410991487,3
6812-151-139-1352-237-1253-1371-1176-747-434-108,False,7,"['00000000000', '00000000100', '00001000000', '00001000100', '00110000000', '01000000100', '01001000100']",0.3975861161260089,0.5824048138716189,0.2466869062988151,5
6237-151-139-1352-237-1253-1371-1176-747-434-291,False,7,"['00000000000', '00000000100', '00001000000', '00001000100', '00110000000', '01000000100', '01001000100']",0.3882516125189054,0.5973701967041062,0.22908008966288632,5
6970-151-151-1361-236-947-1371-1173-747-434-291,False,7,"['00000000000', '00000000100', '00001000000', '00001000100', '00110000000', '01000000100', '01001000100']",0.28608267796859516,0.7832541053328782,0.01702882754442659,3
6970-150-151-1361-236-947-1371-1176-747-434-291,False,7,"['00000000000', '00000000100', '00001000000', '00001000100', '00110000000', '01000000100', '01001000100']",0.30659552126494893,0.6796157085475518,0.12232483796019333,3
6970-151-151-1352-236-947-1371-1157-747-470-291,False,7,"['00000000000', '00000000100', '00001000100', '00001110111', '00110000000', '01000000100', '01001000100']",0.2760753405369039,0.9220257898506283,0.12322881991632625,5
6970-151-151-1352-236-947-1371-1176-747-470-278,False,7,"['00000000000', '00000000100', '00001000100', '00001010010', '00110000000', '01000000100', '01001000100']",0.2107508980680401,0.8770915399031324,0.10397697414471006,5
6970-151-139-1352-236-1253-1371-1176-720-434-291,False,7,"['00000000000', '00000000100', '00001000000', '00001000100', '00110000000', '01000000100', '01001000100']",0.36084813420298156,0.670872315163441,0.15178538656622045,5
6900-151-151-1352-236-1253-1371-1176-720-434-291,False,7,"['00000000000', '00000000100', '00001000000', '00001000100', '00110000000', '01000000100', '01001000100']",0.27414140946487,0.8397674406061475,0.04124379472092806,5
6970-151-151-1352-236-1253-1371-1176-751-434-278,False,7,"['00000000000', '00000000100', '00001000000', '00001000100', '00110000000', '01000000100', '01001000100']",0.31967161865887117,0.7508213795616901,0.06278674856631425,5
6970-151-147-1352-236-1253-1371-1176-748-434-278,False,7,"['00000000000', '00000000100', '00001000000', '00001000100', '00110000000', '01000000100', '01001000100']",0.4287807351109919,0.5780309084206399,0.266692724507395,5
6981-147-151-2069-236-947-1369-1176-1404-434-291,False,5,"['00000000000', '00000000100', '00001000000', '00001000100', '00110000000']",0.4237184531785023,0.5466822464986321,0.2906252655648,5
6981-147-151-1361-236-949-1369-1176-1404-434-291,False,7,"['00000000000', '00000000100', '00001000000', '00001000100', '00110000000', '01000000100', '01001000100']",0.3238544583136712,0.5893463708508861,0.21419368365066535,5
6981-147-151-1361-414-947-1369-1176-1404-434-291,False,7,"['00000000000', '00000000100', '00001000000', '00001000100', '00110000000', '01000000100', '01001000100']",0.3253187706329804,0.5543729941895998,0.24877325865851635,5
6981-147-151-1361-236-947-1369-1176-1404-434-278,False,7,"['00000000000', '00000000100', '00001000000', '00001000100', '00110000000', '01000000100', '01001000100']",0.37874823178371314,0.5118908657294952,0.30371827909699445,5
6981-151-139-46-236-947-1309-1176-1404-434-291,False,7,"['00000000000', '00000000100', '00001000000', '00001000100', '00110000000', '01000000100', '01001000100']",0.44112990897671256,0.6423137427637692,0.22520151020992935,5
6981-151-139-1361-236-947-525-1176-1404-434-291,False,7,"['00000000000', '00000000100', '00001000000', '00001000100', '00110000000', '01000000100', '01001000100']",0.41153916009430336,0.7035541303178419,0.16305921240133325,5
6981-151-139-1361-236-1253-1371-1176-1404-434-278,False,7,"['00000000000', '00000000100', '00001000000', '00001000100', '00110000000', '01000000100', '01001000100']",0.5225083764761445,0.49118411647545834,0.39222645322897326,3
6981-151-139-1361-236-759-1371-1176-1404-434-278,False,7,"['00000000000', '00000000100', '00001000000', '00001000100', '00110000000', '01000000100', '01001000100']",0.4235064139877327,0.6201393391918064,0.22967943937501198,5
6981-135-151-2069-236-1253-1370-1176-1404-434-291,False,5,"['00000000000', '00000000100', '00001000000', '00001000100', '00110000000']",0.4411781693967963,0.4952260818431896,0.3441095870847923,5
6981-135-151-1361-236-1253-1371-1176-1404-434-291,False,7,"['00000000000', '00000000100', '00001000000', '00001000100', '00110000000', '01000000100', '01001000100']",0.3452890910926275,0.5485763971011548,0.2588359537737539,3
6981-146-151-1361-236-596-1370-1176-1404-434-291,False,7,"['00000000000', '00000000100', '00001000000', '00001000100', '00110000000', '01000000100', '01001000100']",0.3274577711414941,0.5449669790993393,0.25841299409212654,5
6981-147-151-1361-236-596-586-1176-1404-434-291,False,7,"['00000000000', '00000000100', '00001000000', '00001000100', '00110000000', '01000000100', '01001000100']",0.2975115219283682,0.6120316102048968,0.1876991896324812,5
6980-151-151-1361-238-1253-1370-1176-1404-452-291,False,7,"['00000000000', '00000000100', '00001000000', '00001000100', '00110000000', '01000000100', '01001000100']",0.23318731147294985,0.6542324693277046,0.15175337188434773,5
6980-151-151-1361-236-596-1370-1176-1404-452-291,False,7,"['00000000000', '00000000100', '00001000000', '00001000100', '00110000000', '01000000100', '01001000100']",0.23318731147294985,0.8067171407709478,0.04669812151847574,5
6980-151-151-1361-236-1253-1370-1176-1404-434-95,False,7,"['00000000000', '00000000100', '00001000000', '00001000100', '00110000000', '01000000100', '01001000100']",0.39668719452926876,0.6353992853639027,0.2012744957617863,5
6980-151-151-1361-236-1253-1370-1176-1405-434-278,False,7,"['00000000000', '00000000100', '00001000000', '00001000100', '00110000000', '01000000100', '01001000100']",0.3700903161746254,0.6330556886089557,0.189054558602234,5
6953-151-139-1352-414-596-1371-1176-747-434-291,False,7,"['00000000000', '00000000100', '00001000000', '00001000100', '00110000000', '01000000100', '01001000100']",0.35372031214468436,0.6564776148259345,0.16067707075753265,6
6976-151-139-1352-414-596-1371-1100-747-434-291,False,8,"['00000000000', '00000000100', '00001000000', '00001000100', '00110000000', '01000000100', '01001000000', '01001000100']",0.3637755882929647,0.5858940299165121,0.2291180269401971,6
6981-150-151-1352-414-596-1371-1176-747-434-291,False,7,"['00000000000', '00000000100', '00001000000', '00001000100', '00110000000', '01000000100', '01001000100']",0.3101624463398713,0.7112249516991388,0.09291699106813253,4
6981-151-151-1352-236-596-1371-1176-747-434-291,False,7,"['00000000000', '00000000100', '00001000000', '00001000100', '00110000000', '01000000100', '01001000100']",0.2792157571720083,0.8496467969606107,0.05080980465800755,2
6981-151-139-1352-236-490-1371-1176-753-434-278,False,7,"['00000000000', '00000000100', '00001000000', '00001000100', '00110000000', '01000000100', '01001000100']",0.38790634293869575,0.5925406868347782,0.23317763418471288,6
6981-139-139-1352-236-596-1371-1176-753-434-278,False,7,"['00000000000', '00000000100', '00001000000', '00001000100', '00110000000', '01000000100', '01001000100']",0.2747700836114665,0.6621204331996835,0.13678882098457107,6
6981-151-139-1352-236-490-1371-1176-753-434-278,False,7,"['00000000000', '00000000100', '00001000000', '00001000100', '00110000000', '01000000100', '01001000100']",0.38790634293869575,0.5925406868347782,0.23317763418471288,6
6981-151-139-1352-236-596-1371-1176-724-434-278,False,7,"['00000000000', '00000000100', '00001000000', '00001000100', '00110000000', '01000000100', '01001000100']",0.39252591038617024,0.6224199428089059,0.20967156739405202,6
6981-147-139-2041-237-1253-1371-1175-747-434-291,False,5,"['00000000000', '00000000100', '00001000000', '00001000100', '00110000000']",0.2580103546231933,0.7243450592771069,0.07745138593422529,6
6981-151-139-2041-237-1253-1371-1177-747-434-291,False,5,"['00000000000', '00000000100', '00001000000', '00001000100', '00110000000']",0.09075732201804336,1.0,0.27565038989006374,6
6981-151-139-1361-237-1253-1371-1175-747-434-108,False,7,"['00000000000', '00000000100', '00001000000', '00001000100', '00110000000', '01000000100', '01001000100']",0.4834154594169082,0.48855925898522257,0.37144284915647163,4
6981-151-139-1361-237-1253-1371-1175-747-470-291,False,7,"['00000000000', '00000000100', '00001000100', '00001110111', '00110000000', '01000000100', '01001000100']",0.4048233358745153,0.7349903723935424,0.14090299748876378,4
6812-151-139-1352-237-1253-1369-1176-747-434-108,False,8,"['00000000000', '00000000100', '00001000000', '00001000100', '00110000000', '01000000100', '01001000100', '01001101101']",0.35741978559015486,0.643244900475635,0.17414008470170783,6
6812-151-139-1352-237-947-1371-1176-747-434-108,False,7,"['00000000000', '00000000100', '00001000000', '00001000100', '00110000000', '01000000100', '01001000100']",0.3781882856144688,0.5911003806489785,0.23010880297724928,6
6237-151-139-1352-237-1253-1371-1157-747-434-291,False,7,"['00000000000', '00000000100', '00001000000', '00001000100', '00110000000', '01000000100', '01001000100']",0.40305953721883353,0.5761466857522816,0.25481023230585276,6
6237-151-139-1352-236-1253-1371-1176-747-434-291,False,7,"['00000000000', '00000000100', '00001000000', '00001000100', '00110000000', '01000000100', '01001000100']",0.38105082955147707,0.6480941336337579,0.18191699042746698,4
6970-151-151-1361-236-947-1371-1173-747-147-291,False,7,"['00000000000', '00000000100', '00001000000', '00001000100', '00110000000', '01000000100', '01001000100']",0.33211088585089776,0.7142739634853759,0.0997436738881193,4
6970-151-151-46-236-947-1371-1173-747-434-291,False,7,"['00000000000', '00000000100', '00001000000', '00001000100', '00110000000', '01000000100', '01001000100']",0.28608267796859516,0.7715351848178049,0.02815214544512698,4
6970-150-151-1361-237-947-1371-1176-747-434-291,False,7,"['00000000000', '00000000100', '00001000000', '00001000100', '00110000000', '01000000100', '01001000100']",0.31672342026249234,0.6330140777328725,0.17001195189429902,4
6970-150-151-1361-236-1053-1371-1176-747-434-291,False,8,"['00000000000', '00000000100', '00001000000', '00001000100', '00110100000', '00110100100', '01000000100', '01001000100']",0.2988308892067455,0.6638721231519282,0.13638280430317815,4
6970-151-151-1352-236-947-1371-1157-748-470-291,False,7,"['00000000000', '00000000100', '00001000100', '00001110111', '00110000000', '01000000100', '01001000100']",0.2682853110636673,0.8467519529811915,0.0491458859820231,6
6970-151-151-1352-236-951-1371-1157-747-470-291,False,7,"['00000000000', '00000000100', '00001000100', '00001110111', '00110000000', '01000000100', '01001000100']",0.2760753405369039,0.9115788944895326,0.11278563173281067,6
6970-151-151-1352-236-947-1371-1100-747-470-278,False,7,"['00000000000', '00000000100', '00001000100', '00001010010', '00110000000', '01000000100', '01001000100']",0.21324470888998504,0.8284976761953505,0.072332118594816,6
6970-151-151-2041-236-947-1371-1176-747-470-278,False,5,"['00000000000', '00000000100', '00001000100', '00001010010', '00110000000']",0.18329789423724122,0.9116020185285244,0.14804116849614998,6
6970-151-139-1352-237-1253-1371-1176-720-434-291,False,7,"['00000000000', '00000000100', '00001000000', '00001000100', '00110000000', '01000000100', '01001000100']",0.3704227324946051,0.6171885550540472,0.2032605891518062,6
6970-151-139-1352-236-1253-1371-1176-720-688-291,False,7,"['00000000000', '00000000100', '00001000000', '00001000100', '00110000000', '01000000100', '01001000100']",0.297944994347363,0.7937308225604186,0.019412812640281916,6
6900-151-151-37-236-1253-1371-1176-720-434-291,False,7,"['00000000000', '00000000100', '00001000000', '00001000100', '00110000000', '01000000100', '01001000100']",0.27414140946487,0.8347800509808683,0.03629948307899366,6
6900-151-151-1352-236-947-1371-1176-720-434-291,False,7,"['00000000000', '00000000100', '00001000000', '00001000100', '00110000000', '01000000100', '01001000100']",0.27414140946487,0.8216622706393809,0.02338252201547802,6
6970-151-151-1352-414-1253-1371-1176-751-434-278,False,7,"['00000000000', '00000000100', '00001000000', '00001000100', '00110000000', '01000000100', '01001000100']",0.3203520172355017,0.7486905747938226,0.06486027351912954,6
6970-151-150-1352-236-1253-1371-1176-751-434-278,False,7,"['00000000000', '00000000100', '00001000000', '00001000100', '00110000000', '01000000100', '01001000100']",0.39915763154640094,0.6463290147381644,0.1940225153152024,6
6970-151-147-1352-236-1253-1371-1176-748-470-278,False,7,"['00000000000', '00000000100', '00001000100', '00001010010', '00110000000', '01000000100', '01001000100']",0.2952876534938056,0.7218424440603777,0.07865409277591975,6
6969-151-147-1352-236-1253-1371-1176-748-434-278,False,7,"['00000000000', '00000000100', '00001000000', '00001000100', '00110000000', '01000000100', '01001000100']",0.4287807351109919,0.5780309084206399,0.266692724507395,6
6981-147-139-2069-236-947-1369-1176-1404-434-291,False,5,"['00000000000', '00000000100', '00001000000', '00001000100', '00110000000']",0.43616433683136524,0.5869198190028228,0.2637076885425578,6
6981-147-151-2069-236-947-1369-1176-1404-688-291,False,5,"['00000000000', '00000000100', '00001000000', '00001000100', '00110000000']",0.3547825485295486,0.629216987319901,0.18569137310711534,6
6981-147-151-1361-236-944-1369-1176-1404-434-291,False,7,"['00000000000', '00000000100', '00001000000', '00001000100', '00110000000', '01000000100', '01001000100']",0.3238544583136712,0.5917934595668675,0.21180093976965345,6
6981-147-151-1361-236-947-1369-1176-1404-434-291,False,7,"['00000000000', '00000000100', '00001000000', '00001000100', '00110000000', '01000000100', '01001000100']",0.3238544583136712,0.5653984062961559,0.23766822900064744,4
6959-147-151-1361-414-947-1369-1176-1404-434-291,False,7,"['00000000000', '00000000100', '00001000000', '00001000100', '00110000000', '01000000100', '01001000100']",0.3253187706329804,0.5543729941895998,0.24877325865851635,6
6981-146-151-1361-414-947-1369-1176-1404-434-291,False,7,"['00000000000', '00000000100', '00001000000', '00001000100', '00110000000', '01000000100', '01001000100']",0.32618914518375075,0.560475391081883,0.24294598600883968,6
6981-147-151-1361-236-947-1369-1176-1404-688-278,False,7,"['00000000000', '00000000100', '00001000000', '00001000100', '00110000000', '01000000100', '01001000100']",0.34149745894878514,0.572775542036197,0.23448409257935224,6
6981-147-151-1361-238-947-1369-1176-1404-434-278,False,11,"['00000000000', '00000000100', '00001000000', '00001000100', '00001001000', '00110000000', '00111001000', '01000000100', '01001000100', '01001001000', '01111001000']",0.4247951345977365,0.3400376827413056,0.48134204219617677,6
6981-151-139-46-236-947-1309-1176-1405-434-291,False,7,"['00000000000', '00000000100', '00001000000', '00001000100', '00110000000', '01000000100', '01001000100']",0.4693029955042281,0.5630333848452527,0.3028803385277268,6
6981-139-139-46-236-947-1309-1176-1404-434-291,False,7,"['00000000000', '00000000100', '00001000000', '00001000100', '00110000000', '01000000100', '01001000100']",0.38820886594897486,0.6121588304264732,0.21616714339214052,6
6981-151-139-1361-236-947-490-1176-1404-434-291,False,7,"['00000000000', '00000000100', '00001000000', '00001000100', '00110000000', '01000000100', '01001000100']",0.39771764705863305,0.7190127064483222,0.1428797204604198,6
6981-151-139-1361-236-947-525-1878-1404-434-291,False,7,"['00000000000', '00000000100', '00001000000', '00001000100', '00110000000', '01000000100', '01001000100']",0.35796493789301964,0.8016040351237642,0.07879777909436687,6
6981-151-139-1361-236-1253-1337-1176-1404-434-278,False,7,"['00000000000', '00000000100', '00001000000', '00001000100', '00110000000', '01000000100', '01001000100']",0.5149540745917036,0.5449130851431284,0.3464821855839093,4
6981-151-139-1361-237-1253-1371-1176-1404-434-278,False,9,"['00000000000', '00000000100', '00001000000', '00001000100', '00001001000', '00110000000', '01000000100', '01001000100', '01001001000']",0.4958953389322538,0.4515504528015279,0.4093384683491485,4
6981-151-143-1361-236-759-1371-1176-1404-434-278,False,8,"['00000000000', '00000000100', '00001000000', '00001000100', '00110000000', '00110010011', '01000000100', '01001000100']",0.582028325526096,0.46399894941536696,0.45145538707357746,6
6981-151-139-1361-237-759-1371-1176-1404-434-278,False,9,"['00000000000', '00000000100', '00001000000', '00001000100', '00001001000', '00110000000', '01000000100', '01001000100', '01001001000']",0.40609281835105504,0.5724019948188308,0.25955846497255214,6
6981-135-151-2069-236-1253-1370-1176-1405-434-291,False,5,"['00000000000', '00000000100', '00001000000', '00001000100', '00110000000']",0.4448971458731659,0.46593248504766804,0.37185445205428863,6
6981-135-151-2069-236-1253-1370-1176-1407-434-291,False,5,"['00000000000', '00000000100', '00001000000', '00001000100', '00110000000']",0.44847678525675827,0.4628642700065511,0.3762006987703859,6
6981-135-151-1361-236-1147-1371-1176-1404-434-291,False,7,"['00000000000', '00000000100', '00001000000', '00001000100', '00110000000', '01000000100', '01001000100']",0.3424881584495712,0.5251114591985858,0.28094316905115785,4
6981-135-151-1361-238-1253-1371-1176-1404-434-291,False,7,"['00000000000', '00000000100', '00001000000', '00001000100', '00110000000', '01000000100', '01001000100']",0.3578064552801149,0.45616605582768893,0.35156772965349686,4
6981-146-151-1361-236-596-1370-1176-1411-434-291,False,7,"['00000000000', '00000000100', '00001000000', '00001000100', '00110000000', '01000000100', '01001000100']",0.33896833983597285,0.5074701780179992,0.29743065007052116,6
6981-146-151-1361-236-290-1370-1176-1404-434-291,False,7,"['00000000000', '00000000100', '00001000000', '00001000100', '00110000000', '01000000100', '01001000100']",0.3290462824537418,0.5296728829740086,0.27373782895410914,6
6981-147-151-1361-236-490-586-1176-1404-434-291,False,7,"['00000000000', '00000000100', '00001000000', '00001000100', '00110000000', '01000000100', '01001000100']",0.29716078216941333,0.600185996370921,0.1994598759319947,6
6970-147-151-1361-236-596-586-1176-1404-434-291,False,7,"['00000000000', '00000000100', '00001000000', '00001000100', '00110000000', '01000000100', '01001000100']",0.2975115219283682,0.6120316102048968,0.1876991896324812,6
6980-151-151-46-238-1253-1370-1176-1404-452-291,False,7,"['00000000000', '00000000100', '00001000000', '00001000100', '00110000000', '01000000100', '01001000100']",0.23318731147294985,0.64775595110569,0.15793700903402774,6
6980-151-151-1361-238-1253-1371-1176-1404-452-291,False,7,"['00000000000', '00000000100', '00001000000', '00001000100', '00110000000', '01000000100', '01001000100']",0.24196792024802286,0.6887676327979062,0.11620096926140523,4
6980-151-151-1361-236-290-1370-1176-1404-452-291,False,7,"['00000000000', '00000000100', '00001000000', '00001000100', '00110000000', '01000000100', '01001000100']",0.23318731147294985,0.8157954488418921,0.04905310450589366,6
6501-151-151-1361-236-596-1370-1176-1404-452-291,False,7,"['00000000000', '00000000100', '00001000000', '00001000100', '00110000000', '01000000100', '01001000100']",0.23318731147294985,0.8067171407709478,0.04669812151847574,6
6980-151-147-1361-236-1253-1370-1176-1404-434-95,False,7,"['00000000000', '00000000100', '00001000000', '00001000100', '00110000000', '01000000100', '01001000100']",0.5709180858758601,0.42544572098292033,0.4738262234923042,6
6958-151-151-1361-236-1253-1370-1176-1404-434-95,False,7,"['00000000000', '00000000100', '00001000000', '00001000100', '00110000000', '01000000100', '01001000100']",0.39668719452926876,0.6353992853639027,0.2012744957617863,6
6811-151-151-1361-236-1253-1370-1176-1405-434-278,False,7,"['00000000000', '00000000100', '00001000000', '00001000100', '00110000000', '01000000100', '01001000100']",0.3700903161746254,0.6330556886089557,0.189054558602234,6
6980-151-151-1361-236-596-1370-1176-1405-434-278,False,7,"['00000000000', '00000000100', '00001000000', '00001000100', '00110000000', '01000000100', '01001000100']",0.3700903161746254,0.6266870568513548,0.19466326245542354,6
6953-151-139-1352-414-596-1371-1176-747-688-291,False,7,"['00000000000', '00000000100', '00001000000', '00001000100', '00110000000', '01000000100', '01001000100']",0.2992197872039604,0.7594346920136581,0.04418939336061816,7
6953-151-139-2041-414-596-1371-1176-747-434-291,False,5,"['00000000000', '00000000100', '00001000000', '00001000100', '00110000000']",0.09075732201804336,0.9849718586190688,0.2648825593339994,7
6976-151-139-1352-414-596-1370-1100-747-434-291,False,8,"['00000000000', '00000000100', '00001000000', '00001000100', '00110000000', '01000000100', '01001000000', '01001000100']",0.3549238533132797,0.5450492408153647,0.26483945821248833,7
6976-151-139-1352-414-290-1371-1100-747-434-291,False,8,"['00000000000', '00000000100', '00001000000', '00001000100', '00110000000', '01000000100', '01001000000', '01001000100']",0.33075632214535766,0.6175136911441932,0.18850615210320193,7
6981-150-150-1352-414-596-1371-1176-747-434-291,False,7,"['00000000000', '00000000100', '00001000000', '00001000100', '00110000000', '01000000100', '01001000100']",0.18943474706292146,0.8671971549695285,0.11284388160665357,5
6981-150-151-1352-414-596-1371-1176-747-434-278,False,7,"['00000000000', '00000000100', '00001000000', '00001000100', '00110000000', '01000000100', '01001000100']",0.34344238817009903,0.6720100515427908,0.14216234744776082,5
6981-151-151-1352-236-596-1371-1176-747-688-291,False,7,"['00000000000', '00000000100', '00001000000', '00001000100', '00110000000', '01000000100', '01001000100']",0.23220227396254756,0.9167280592584874,0.12691954645161255,3
6502-151-151-1352-236-596-1371-1176-747-434-291,False,7,"['00000000000', '00000000100', '00001000000', '00001000100', '00110000000', '01000000100', '01001000100']",0.2792157571720083,0.8496467969606107,0.05080980465800755,3
6981-151-139-1352-236-490-1371-1176-753-434-95,False,7,"['00000000000', '00000000100', '00001000000', '00001000100', '00110000000', '01000000100', '01001000100']",0.398500370397104,0.5804621502560704,0.24883004358619726,7
6981-151-139-1352-236-490-587-1176-753-434-278,False,7,"['00000000000', '00000000100', '00001000000', '00001000100', '00110000000', '01000000100', '01001000100']",0.3904947261629082,0.6211270580116148,0.20967553430332558,7
6981-135-139-1352-236-596-1371-1176-753-434-278,False,7,"['00000000000', '00000000100', '00001000000', '00001000100', '00110000000', '01000000100', '01001000100']",0.30081060424551403,0.6521708695697717,0.14824739113255958,7
6981-138-139-1352-236-596-1371-1176-753-434-278,False,7,"['00000000000', '00000000100', '00001000000', '00001000100', '00110000000', '01000000100', '01001000100']",0.27754916709913446,0.6739984225421731,0.12484969372129338,7
6981-151-139-1352-236-490-1371-1176-753-147-278,False,7,"['00000000000', '00000000100', '00001000000', '00001000100', '00110000000', '01000000100', '01001000100']",0.4234476549958841,0.5156254762659722,0.31782322628411513,7
6981-151-143-1352-236-490-1371-1176-753-434-278,False,7,"['00000000000', '00000000100', '00001000000', '00001000100', '00110000000', '01000000100', '01001000100']",0.5153392436495817,0.5189183088298785,0.3662086430211993,7
6981-151-139-1352-236-596-1369-1176-724-434-278,False,7,"['00000000000', '00000000100', '00001000000', '00001000100', '00110000000', '01000000100', '01001000100']",0.3983494884276609,0.6143825517870497,0.21958207246676562,7
6981-151-151-1352-236-596-1371-1176-724-434-278,False,7,"['00000000000', '00000000100', '00001000000', '00001000100', '00110000000', '01000000100', '01001000100']",0.3162703136714537,0.7618464082240516,0.052357840557484665,5
2821-147-139-2041-237-1253-1371-1175-747-434-291,False,5,"['00000000000', '00000000100', '00001000000', '00001000100', '00110000000']",0.2580103546231933,0.7243450592771069,0.07745138593422529,7
6981-147-151-2041-237-1253-1371-1175-747-434-291,False,5,"['00000000000', '00000000100', '00001000000', '00001000100', '00110000000']",0.40799842059716795,0.5641487228744942,0.26770050094469117,5
6981-151-139-2041-237-596-1371-1177-747-434-291,False,5,"['00000000000', '00000000100', '00001000000', '00001000100', '00110000000']",0.09075732201804336,0.9922607390146728,0.2700543048588859,7
6981-151-139-2041-237-1253-1371-1177-750-434-291,False,5,"['00000000000', '00000000100', '00001000000', '00001000100', '00110000000']",0.09075732201804336,0.9615259830272905,0.2489664424851241,7
6981-151-139-1361-237-1253-1309-1175-747-434-108,False,7,"['00000000000', '00000000100', '00001000000', '00001000100', '00110000000', '01000000100', '01001000100']",0.5036936733648073,0.5605728841552196,0.32735320387851624,5
6981-151-139-1361-237-1253-1371-1175-747-147-108,False,7,"['00000000000', '00000000100', '00001000000', '00001000100', '00110000000', '01000000100', '01001000100']",0.5464471583914486,0.41988016727810407,0.463703458074613,5
6981-151-139-1361-236-1253-1371-1175-747-470-291,False,7,"['00000000000', '00000000100', '00001000100', '00001110111', '00110000000', '01000000100', '01001000100']",0.3682859417137308,0.7807117564597946,0.09089566518076608,3
6981-151-139-1361-237-1253-1371-1175-747-434-291,False,7,"['00000000000', '00000000100', '00001000000', '00001000100', '00110000000', '01000000100', '01001000100']",0.4878661014916887,0.501006069067913,0.3636457410991487,3
6812-151-139-1352-237-1253-1369-474-747-434-108,False,8,"['00000000000', '00000000100', '00001000000', '00001000100', '00110000000', '01000000100', '01001000100', '01001101101']",0.36627916530194776,0.6174670863798901,0.2011841937370185,7
6812-150-139-1352-237-1253-1369-1176-747-434-108,False,7,"['00000000000', '00000000100', '00001000000', '00001000100', '00110000000', '01000000100', '01001000100']",0.29637684530446,0.7106306122085763,0.08986027172884424,7
6812-151-138-1352-237-947-1371-1176-747-434-108,False,7,"['00000000000', '00000000100', '00001000000', '00001000100', '00110000000', '01000000100', '01001000100']",0.38719789247963393,0.582857640065892,0.2414688844099457,7
6812-139-139-1352-237-947-1371-1176-747-434-108,False,7,"['00000000000', '00000000100', '00001000000', '00001000100', '00110000000', '01000000100', '01001000100']",0.25295175654845725,0.6429657581819243,0.15806846413835174,7
6237-151-139-1352-237-1253-1370-1157-747-434-291,False,7,"['00000000000', '00000000100', '00001000000', '00001000100', '00110000000', '01000000100', '01001000100']",0.3898837282931906,0.5426027577217949,0.27911177474856114,7
6237-151-139-1352-237-596-1371-1157-747-434-291,False,7,"['00000000000', '00000000100', '00001000000', '00001000100', '00110000000', '01000000100', '01001000100']",0.38374248712372083,0.59288126491532,0.2309623322492721,7
6237-151-139-1352-236-1253-1371-1176-748-434-291,False,7,"['00000000000', '00000000100', '00001000000', '00001000100', '00110000000', '01000000100', '01001000100']",0.38718865584995976,0.6182142610124858,0.21043459294427125,5
6237-151-151-1352-236-1253-1371-1176-747-434-291,False,7,"['00000000000', '00000000100', '00001000000', '00001000100', '00110000000', '01000000100', '01001000100']",0.2792157571720083,0.8445537511396318,0.04571675883702864,3
5505-151-151-1361-236-947-1371-1173-747-147-291,False,7,"['00000000000', '00000000100', '00001000000', '00001000100', '00110000000', '01000000100', '01001000100']",0.33211088585089776,0.7142739634853759,0.0997436738881193,5
6970-151-151-1361-236-947-1371-1875-747-147-291,False,7,"['00000000000', '00000000100', '00001000000', '00001000100', '00110000000', '01000000100', '01001000100']",0.30714234725432926,0.749595884344395,0.056609020010753644,5
6970-151-151-46-236-947-1371-1179-747-434-291,False,10,"['00000000000', '00000000100', '00001000000', '00001000100', '00110000000', '01000000100', '01000111101', '01001000100', '01001111101', '01110111101']",0.26685937679422705,0.8097643483735536,0.016495067345778082,5
6970-151-151-754-236-947-1371-1173-747-434-291,False,5,"['00000000000', '00000000100', '00001000000', '00001000100', '00110000000']",0.19745683551184465,0.870737550450323,0.10887704777861315,5
6491-150-151-1361-237-947-1371-1176-747-434-291,False,7,"['00000000000', '00000000100', '00001000000', '00001000100', '00110000000', '01000000100', '01001000100']",0.31672342026249234,0.6330140777328725,0.17001195189429902,5
6970-150-151-1361-237-997-1371-1176-747-434-291,False,8,"['00000000000', '00000000100', '00001000000', '00001000100', '00110100000', '00110100100', '01000000100', '01001000100']",0.3106039701354256,0.6131770054026355,0.1882945847567927,5
6970-150-151-1361-236-1053-1371-1176-747-147-291,False,8,"['00000000000', '00000000100', '00001000000', '00001000100', '00110100000', '00110100100', '01000000100', '01001000100']",0.32324447118978694,0.5966475910713999,0.20692772078262464,5
6970-146-151-1361-236-1053-1371-1176-747-434-291,False,8,"['00000000000', '00000000100', '00001000000', '00001000100', '00110100000', '00110100100', '01000000100', '01001000100']",0.3209658023430551,0.5867811462145669,0.21612669463048145,5
6970-151-151-1352-236-1053-1371-1157-748-470-291,False,8,"['00000000000', '00000000100', '00001000100', '00001110111', '00110100000', '00110100100', '01000000100', '01001000100']",0.25540279302821683,0.877931758326077,0.08260169050099131,7
6970-151-151-1352-236-947-1371-1157-747-470-291,False,7,"['00000000000', '00000000100', '00001000100', '00001110111', '00110000000', '01000000100', '01001000100']",0.2760753405369039,0.9220257898506283,0.12322881991632625,5
6970-151-151-1352-236-951-1369-1157-747-470-291,False,7,"['00000000000', '00000000100', '00001000100', '00001110111', '00110000000', '01000000100', '01001000100']",0.24673779152820072,0.9193585994747017,0.12482097599244273,7
6981-151-151-1352-236-951-1371-1157-747-470-291,False,7,"['00000000000', '00000000100', '00001000100', '00001110111', '00110000000', '01000000100', '01001000100']",0.2760753405369039,0.9115788944895326,0.11278563173281067,5
6970-151-151-1352-236-947-1371-1100-747-470-95,False,7,"['00000000000', '00000000100', '00001000100', '00001010010', '00110000000', '01000000100', '01001000100']",0.21324470888998504,0.7851906225147998,0.06736766746603685,7
6970-151-151-1352-236-947-1371-1100-747-183-278,False,7,"['00000000000', '00000000100', '00001000100', '00001010010', '00110000000', '01000000100', '01001000100']",0.2598825760536243,0.7970297716266128,0.01941746478631973,7
6970-151-151-2041-236-947-1371-1157-747-470-278,False,5,"['00000000000', '00000000100', '00001000100', '00001010010', '00110000000']",0.1892265171693389,0.8630323743208703,0.11054008498607776,7
6970-151-151-2044-236-947-1371-1176-747-470-278,False,5,"['00000000000', '00000000100', '00001000100', '00001010010', '00110000000']",0.19177875674684583,0.8819207176268519,0.12061564764617012,7
6970-151-139-1352-237-1253-1371-1176-720-434-278,False,9,"['00000000000', '00000000100', '00001000000', '00001000100', '00001001000', '00110000000', '01000000100', '01001000100', '01001001000']",0.41326240923434876,0.5601475155196565,0.2737538515821084,7
6970-151-139-1352-237-1253-1371-1176-720-434-278,False,9,"['00000000000', '00000000100', '00001000000', '00001000100', '00001001000', '00110000000', '01000000100', '01001000100', '01001001000']",0.41326240923434876,0.5601475155196565,0.2737538515821084,7
6970-151-138-1352-236-1253-1371-1176-720-688-291,False,7,"['00000000000', '00000000100', '00001000000', '00001000100', '00110000000', '01000000100', '01001000100']",0.297944994347363,0.8044714457549909,0.01955840972261833,7
6970-151-139-1352-236-1253-1371-1176-720-434-291,False,7,"['00000000000', '00000000100', '00001000000', '00001000100', '00110000000', '01000000100', '01001000100']",0.36084813420298156,0.670872315163441,0.15178538656622045,5
6378-151-151-37-236-1253-1371-1176-720-434-291,False,7,"['00000000000', '00000000100', '00001000000', '00001000100', '00110000000', '01000000100', '01001000100']",0.27414140946487,0.8347800509808683,0.03629948307899366,7
6900-151-151-37-236-1253-1371-1176-725-434-291,False,7,"['00000000000', '00000000100', '00001000000', '00001000100', '00110000000', '01000000100', '01001000100']",0.2872450895596284,0.8144151941202232,0.017525711125697167,7
6900-151-151-1352-236-947-1371-1176-720-434-108,False,7,"['00000000000', '00000000100', '00001000000', '00001000100', '00110000000', '01000000100', '01001000100']",0.27414140946487,0.8121579728877971,0.014254737051382381,7
6900-151-151-1352-236-947-1371-1176-748-434-291,False,7,"['00000000000', '00000000100', '00001000000', '00001000100', '00110000000', '01000000100', '01001000100']",0.2819907364596033,0.7960139988457509,0.003958510086385078,5
6970-151-151-1352-414-1147-1371-1176-751-434-278,False,7,"['00000000000', '00000000100', '00001000000', '00001000100', '00110000000', '01000000100', '01001000100']",0.3203520172355017,0.7130015301322236,0.09518360393478509,7
6970-150-151-1352-414-1253-1371-1176-751-434-278,False,7,"['00000000000', '00000000100', '00001000000', '00001000100', '00110000000', '01000000100', '01001000100']",0.34747402101236047,0.6476623093969786,0.16587035700846395,7
6970-151-150-1359-236-1253-1371-1176-751-434-278,False,7,"['00000000000', '00000000100', '00001000000', '00001000100', '00110000000', '01000000100', '01001000100']",0.4097257816557493,0.6168121303711008,0.2239774918422143,7
6970-151-150-1352-236-596-1371-1176-751-434-278,False,7,"['00000000000', '00000000100', '00001000000', '00001000100', '00110000000', '01000000100', '01001000100']",0.39550241271868686,0.6374620918798116,0.19890813141925032,7
6970-151-147-1352-236-596-1371-1176-748-470-278,False,7,"['00000000000', '00000000100', '00001000100', '00001010010', '00110000000', '01000000100', '01001000100']",0.2952876534938056,0.7140492162008366,0.08629758297694032,7
6970-151-147-1352-236-596-1371-1176-748-470-278,False,7,"['00000000000', '00000000100', '00001000100', '00001010010', '00110000000', '01000000100', '01001000100']",0.2952876534938056,0.7140492162008366,0.08629758297694032,7
6964-151-147-1352-236-1253-1371-1176-748-434-278,False,7,"['00000000000', '00000000100', '00001000000', '00001000100', '00110000000', '01000000100', '01001000100']",0.4287807351109919,0.5780309084206399,0.266692724507395,7
6969-151-147-1352-236-1147-1371-1176-748-434-278,False,7,"['00000000000', '00000000100', '00001000000', '00001000100', '00110000000', '01000000100', '01001000100']",0.42900560322548875,0.5479019963532362,0.29224197195617574,7
6981-147-139-2069-236-947-1369-1176-1404-434-278,False,5,"['00000000000', '00000000100', '00001000000', '00001000100', '00110000000']",0.5103513609796267,0.5174850528561034,0.3641189107665506,7
6981-147-139-754-236-947-1369-1176-1404-434-291,False,5,"['00000000000', '00000000100', '00001000000', '00001000100', '00110000000']",0.41903289766655405,0.6053216628630567,0.23874047730572995,7
6981-147-151-2069-236-947-1369-1193-1404-688-291,False,6,"['00000000000', '00000000100', '00000111011', '00001000000', '00001000100', '00110000000']",0.2875432275589306,0.7457420691274829,0.05374400087467434,7
6981-147-151-2069-236-947-1369-1176-1407-688-291,False,5,"['00000000000', '00000000100', '00001000000', '00001000100', '00110000000']",0.3557551139783014,0.5976662527900888,0.21523926123347703,7
6981-147-151-1361-236-944-1369-1176-1407-434-291,False,7,"['00000000000', '00000000100', '00001000000', '00001000100', '00110000000', '01000000100', '01001000100']",0.32618914518375075,0.5581904346769393,0.24518822336805593,7
6981-147-151-1361-236-1051-1369-1176-1404-434-291,False,8,"['00000000000', '00000000100', '00001000000', '00001000100', '00110100000', '00110100100', '01000000100', '01001000100']",0.31733821835674886,0.5759402236950134,0.22613334893926518,7
6981-147-151-1361-236-947-1369-1176-1404-434-108,False,7,"['00000000000', '00000000100', '00001000000', '00001000100', '00110000000', '01000000100', '01001000100']",0.3102113532958804,0.551448997849961,0.24932217466237272,5
6981-147-151-1361-236-947-1369-1176-1404-434-108,False,7,"['00000000000', '00000000100', '00001000000', '00001000100', '00110000000', '01000000100', '01001000100']",0.3102113532958804,0.551448997849961,0.24932217466237272,5
6959-135-151-1361-414-947-1369-1176-1404-434-291,False,7,"['00000000000', '00000000100', '00001000000', '00001000100', '00110000000', '01000000100', '01001000100']",0.3328400091303745,0.5288299374214939,0.2752805297939989,7
6959-147-151-1361-416-947-1369-1176-1404-434-291,False,7,"['00000000000', '00000000100', '00001000000', '00001000100', '00110000000', '01000000100', '01001000100']",0.33721833481806607,0.458904229423547,0.3448457369494012,7
6981-146-151-1361-414-947-1369-1173-1404-434-291,False,7,"['00000000000', '00000000100', '00001000000', '00001000100', '00110000000', '01000000100', '01001000100']",0.3281962338720377,0.5439747120480314,0.25952623951023146,7
6981-146-151-1361-414-947-1334-1176-1404-434-291,False,7,"['00000000000', '00000000100', '00001000000', '00001000100', '00110000000', '01000000100', '01001000100']",0.3390326475903932,0.5242568628791938,0.281020120015456,7
6981-147-151-1361-236-947-1369-1176-1404-688-95,False,7,"['00000000000', '00000000100', '00001000000', '00001000100', '00110000000', '01000000100', '01001000100']",0.3459684820538167,0.529823523568419,0.2771717385296421,7
6981-147-151-1361-236-947-1369-1176-1411-688-278,False,7,"['00000000000', '00000000100', '00001000000', '00001000100', '00110000000', '01000000100', '01001000100']",0.34680107800207166,0.5405533990179517,0.26697975607100594,7
6812-147-151-1361-238-947-1369-1176-1404-434-278,False,11,"['00000000000', '00000000100', '00001000000', '00001000100', '00001001000', '00110000000', '00111001000', '01000000100', '01001000100', '01001001000', '01111001000']",0.4247951345977365,0.3400376827413056,0.48134204219617677,7
6981-147-151-1361-238-947-1369-1173-1404-434-278,False,11,"['00000000000', '00000000100', '00001000000', '00001000100', '00001001000', '00110000000', '00111001000', '01000000100', '01001000100', '01001001000', '01111001000']",0.4342720253870861,0.33115634596772436,0.4927145555684307,7
6981-150-139-46-236-947-1309-1176-1405-434-291,False,7,"['00000000000', '00000000100', '00001000000', '00001000100', '00110000000', '01000000100', '01001000100']",0.39600817469049726,0.5940197567705862,0.2357765229211568,7
6981-151-139-46-236-947-1309-1878-1405-434-291,False,7,"['00000000000', '00000000100', '00001000000', '00001000100', '00110000000', '01000000100', '01001000100']",0.4365597342920179,0.6227748213956089,0.23612499901625358,7
6981-139-139-46-236-947-1309-1176-1405-434-291,False,7,"['00000000000', '00000000100', '00001000000', '00001000100', '00110000000', '01000000100', '01001000100']",0.41412378307036113,0.5453703597574314,0.28713326046555415,7
6981-139-139-46-236-947-1309-1176-1411-434-291,False,7,"['00000000000', '00000000100', '00001000000', '00001000100', '00110000000', '01000000100', '01001000100']",0.414888320685369,0.540378809964365,0.29190353973166006,7
6981-151-139-1361-236-290-490-1176-1404-434-291,False,7,"['00000000000', '00000000100', '00001000000', '00001000100', '00110000000', '01000000100', '01001000100']",0.3925402447849838,0.7289491678840193,0.13314183224932066,7
6981-151-139-1361-237-947-490-1176-1404-434-291,False,7,"['00000000000', '00000000100', '00001000000', '00001000100', '00110000000', '01000000100', '01001000100']",0.3988020176252039,0.699644220422204,0.15537078130232998,7
6981-151-139-1361-414-947-525-1878-1404-434-291,False,7,"['00000000000', '00000000100', '00001000000', '00001000100', '00110000000', '01000000100', '01001000100']",0.3584641889911772,0.7837394349782061,0.08067372672041946,7
6981-151-139-1361-236-947-525-1802-1404-434-291,False,8,"['00000000000', '00000000100', '00001000000', '00001000100', '00110000000', '01000000100', '01001000000', '01001000100']",0.378526121128661,0.7193477682117071,0.12720489430747356,7
6981-151-151-1361-236-1253-1337-1176-1404-434-278,False,7,"['00000000000', '00000000100', '00001000000', '00001000100', '00110000000', '01000000100', '01001000100']",0.3770892497281206,0.7127976377402873,0.13031496874354564,3
6981-151-139-1361-236-1253-1274-1176-1404-434-278,False,7,"['00000000000', '00000000100', '00001000000', '00001000100', '00110000000', '01000000100', '01001000100']",0.5385191463719472,0.5785684224357476,0.3402300552887191,5
6981-151-139-1361-236-1253-1371-1176-1404-434-278,False,7,"['00000000000', '00000000100', '00001000000', '00001000100', '00110000000', '01000000100', '01001000100']",0.5225083764761445,0.49118411647545834,0.39222645322897326,3
6981-151-139-1361-237-1253-1371-1193-1404-434-278,False,11,"['00000000000', '00000000100', '00000111011', '00001000000', '00001000100', '00001001000', '00001111011', '00110000000', '01000000100', '01001000100', '01001001000']",0.5073500177951964,0.3368469734089477,0.5152475312191693,5
6981-151-143-1361-236-759-1371-1878-1404-434-278,False,8,"['00000000000', '00000000100', '00001000000', '00001000100', '00110000000', '00110010011', '01000000100', '01001000100']",0.5906142222024188,0.4376873878867618,0.4768627064397199,7
6981-151-143-1361-236-759-587-1176-1404-434-278,False,8,"['00000000000', '00000000100', '00001000000', '00001000100', '00110000000', '00110010011', '01000000100', '01001000100']",0.5569746248876909,0.5101789048432576,0.4005914128515304,7
6981-151-139-1361-237-759-1371-1176-1404-688-278,False,9,"['00000000000', '00000000100', '00001000000', '00001000100', '00001001000', '00110000000', '01000000100', '01001000100', '01001001000']",0.35558920193536236,0.6049487817663499,0.20838795850521585,7
6981-151-139-1361-237-759-1371-1176-1404-434-95,False,9,"['00000000000', '00000000100', '00001000000', '00001000100', '00001001000', '00110000000', '01000000100', '01001000100', '01001001000']",0.41421370624243375,0.5470690322827253,0.2856773563756708,7
6981-135-151-2069-236-1253-1370-1176-1405-434-278,False,5,"['00000000000', '00000000100', '00001000000', '00001000100', '00110000000']",0.572754456075998,0.38845901139862077,0.5045543131963857,7
6976-135-151-2069-236-1253-1370-1176-1405-434-291,False,5,"['00000000000', '00000000100', '00001000000', '00001000100', '00110000000']",0.4448971458731659,0.46593248504766804,0.37185445205428863,7
6981-135-151-2069-237-1253-1370-1176-1407-434-291,False,5,"['00000000000', '00000000100', '00001000000', '00001000100', '00110000000']",0.4546531391581816,0.44942727678660277,0.3909800817115046,7
5516-135-151-2069-236-1253-1370-1176-1407-434-291,False,5,"['00000000000', '00000000100', '00001000000', '00001000100', '00110000000']",0.44847678525675827,0.4628642700065511,0.3762006987703859,7
6981-135-151-1361-236-1253-1371-1176-1404-434-291,False,7,"['00000000000', '00000000100', '00001000000', '00001000100', '00110000000', '01000000100', '01001000100']",0.3452890910926275,0.5485763971011548,0.2588359537737539,3
6981-135-151-1361-237-1147-1371-1176-1404-434-291,False,7,"['00000000000', '00000000100', '00001000000', '00001000100', '00110000000', '01000000100', '01001000100']",0.34932668167265823,0.4913325408634643,0.31539582969535535,5
6981-135-151-1361-238-1253-1371-1176-1404-452-291,False,7,"['00000000000', '00000000100', '00001000000', '00001000100', '00110000000', '01000000100', '01001000100']",0.31856704889693377,0.5252099363152403,0.27644219997809966,5
6981-135-151-1361-238-596-1371-1176-1404-434-291,False,7,"['00000000000', '00000000100', '00001000000', '00001000100', '00110000000', '01000000100', '01001000100']",0.3544097940606472,0.4536267470389281,0.353304764500306,5
6981-146-151-1347-236-596-1370-1176-1411-434-291,False,7,"['00000000000', '00000000100', '00001000000', '00001000100', '00110000000', '01000000100', '01001000100']",0.3392218181122809,0.5155295088018154,0.28959257165389596,7
6981-146-151-1361-236-596-1370-1176-1411-434-108,False,7,"['00000000000', '00000000100', '00001000000', '00001000100', '00110000000', '01000000100', '01001000100']",0.3775890699825352,0.46747627647879625,0.3456547882853404,7
6981-146-151-1361-414-290-1370-1176-1404-434-291,False,7,"['00000000000', '00000000100', '00001000000', '00001000100', '00110000000', '01000000100', '01001000100']",0.33156026681852735,0.5194705654976819,0.28422798615879463,7
6981-570-151-1361-236-290-1370-1176-1404-434-291,False,7,"['00000000000', '00000000100', '00001000000', '00001000100', '00110000000', '01000000100', '01001000100']",0.34063571773422313,0.6102671899604155,0.19832040215478527,7
6981-147-151-1361-236-650-586-1176-1404-434-291,False,7,"['00000000000', '00000000100', '00001000000', '00001000100', '00110000000', '01000100100', '01001100100']",0.2982106609669537,0.592308366138131,0.20740028880298972,7
6981-147-151-1361-236-490-586-1176-1416-434-291,False,7,"['00000000000', '00000000100', '00001000000', '00001000100', '00110000000', '01000000100', '01001000100']",0.31439441307908356,0.5072826896904961,0.2936689449074596,7
6970-147-151-2069-236-596-586-1176-1404-434-291,False,5,"['00000000000', '00000000100', '00001000000', '00001000100', '00110000000']",0.38736696716796554,0.5919373234610427,0.23346125415224053,7
6970-147-151-1361-236-596-586-1176-1404-688-291,False,7,"['00000000000', '00000000100', '00001000000', '00001000100', '00110000000', '01000000100', '01001000100']",0.25959816627499743,0.7016398415218454,0.0991571277947271,7
2820-151-151-46-238-1253-1370-1176-1404-452-291,False,7,"['00000000000', '00000000100', '00001000000', '00001000100', '00110000000', '01000000100', '01001000100']",0.23318731147294985,0.64775595110569,0.15793700903402774,7
6980-151-151-46-238-1253-1370-1176-1404-452-108,False,7,"['00000000000', '00000000100', '00001000000', '00001000100', '00110000000', '01000000100', '01001000100']",0.26702927325986525,0.592053792424483,0.2071419854640182,7
6980-151-151-1361-238-947-1371-1176-1404-452-291,False,7,"['00000000000', '00000000100', '00001000000', '00001000100', '00110000000', '01000000100', '01001000100']",0.24196792024802286,0.6872893196674487,0.11760223053086798,5
6980-151-151-1361-236-1253-1371-1176-1404-452-291,False,7,"['00000000000', '00000000100', '00001000000', '00001000100', '00110000000', '01000000100', '01001000100']",0.24196792024802286,0.8398803520184006,0.055425253560774594,3
6980-151-150-1361-236-290-1370-1176-1404-452-291,False,7,"['00000000000', '00000000100', '00001000000', '00001000100', '00110000000', '01000000100', '01001000100']",0.33047284826031004,0.7084907124602194,0.1038736716795588,7
6980-151-151-1361-236-290-1336-1176-1404-452-291,False,7,"['00000000000', '00000000100', '00001000000', '00001000100', '00110000000', '01000000100', '01001000100']",0.2452974938534761,0.8421477793891672,0.05501157027937819,7
6501-151-151-1361-236-596-1370-1176-1404-452-278,False,7,"['00000000000', '00000000100', '00001000000', '00001000100', '00110000000', '01000000100', '01001000100']",0.33026298981450175,0.6967353444170992,0.11415150661026027,7
6501-151-151-1361-236-596-1370-1176-1407-452-291,False,7,"['00000000000', '00000000100', '00001000000', '00001000100', '00110000000', '01000000100', '01001000100']",0.24196792024802286,0.7449560980584493,0.06550230621944168,7
6980-151-151-1361-236-1253-1370-1176-1404-434-95,False,7,"['00000000000', '00000000100', '00001000000', '00001000100', '00110000000', '01000000100', '01001000100']",0.39668719452926876,0.6353992853639027,0.2012744957617863,5
6980-139-147-1361-236-1253-1370-1176-1404-434-95,False,7,"['00000000000', '00000000100', '00001000000', '00001000100', '00110000000', '01000000100', '01001000100']",0.45696427888734564,0.4194699158823307,0.41894380964951927,7
6958-151-151-1361-236-1253-1370-1176-1404-434-434,False,7,"['00000000000', '00000000100', '00001000000', '00001000100', '00110000000', '01000000100', '01001000100']",0.34842828220135424,0.6985070242909485,0.12188714494218617,6
6958-151-151-1361-236-1253-1370-1176-1405-434-95,False,7,"['00000000000', '00000000100', '00001000000', '00001000100', '00110000000', '01000000100', '01001000100']",0.40119323930956896,0.592350117654931,0.2398235508668455,7
6811-151-151-1361-236-1253-1370-1176-1377-434-278,False,7,"['00000000000', '00000000100', '00001000000', '00001000100', '00110000000', '01000000100', '01001000100']",0.3542923689926751,0.6721721048848361,0.14724296705454792,7
6811-151-151-1361-236-1253-1370-1176-1405-147-278,False,7,"['00000000000', '00000000100', '00001000000', '00001000100', '00110000000', '01000000100', '01001000100']",0.40026743033581613,0.6219765239551189,0.21432016433329096,7
6980-151-151-1361-236-596-1370-1175-1405-434-278,False,7,"['00000000000', '00000000100', '00001000000', '00001000100', '00110000000', '01000000100', '01001000100']",0.37221203594707825,0.5949871738204568,0.2240603855241139,7
6980-151-151-1361-414-596-1370-1176-1405-434-278,False,7,"['00000000000', '00000000100', '00001000000', '00001000100', '00110000000', '01000000100', '01001000100']",0.3768716609892257,0.6212858228201086,0.20263537039460594,7
6953-151-139-1352-236-596-1371-1176-747-688-291,False,7,"['00000000000', '00000000100', '00001000000', '00001000100', '00110000000', '01000000100', '01001000100']",0.30752986643327684,0.787406227129188,0.030534426074659,6
6953-151-139-1352-236-596-1371-1176-747-688-291,False,7,"['00000000000', '00000000100', '00001000000', '00001000100', '00110000000', '01000000100', '01001000100']",0.30752986643327684,0.787406227129188,0.030534426074659,6
6953-151-139-2041-414-596-1371-474-747-434-291,False,5,"['00000000000', '00000000100', '00001000000', '00001000100', '00110000000']",0.09075732201804336,0.977422650939103,0.259633239881402,8
6953-151-139-2041-414-596-1371-1176-747-688-291,False,5,"['00000000000', '00000000100', '00001000000', '00001000100', '00110000000']",0.09075732201804336,0.9737534991829938,0.2571232509127071,8
